{"Marker 2": {"3D pos": [[-6.772556781768799, 9.651864051818848, 528.0122680664062]], "2D pos": [[303.0, 244.0]], "time": [1548806260.862]}, "Start Point": {"3D pos": [[-82.74313354492188, 31.80279541015625, 890.2350463867188], [-82.43157196044922, 31.933012008666992, 890.727783203125], [-82.24861907958984, 30.889822006225586, 890.43798828125], [-82.15608978271484, 30.611652374267578, 889.904296875], [-82.20388793945312, 31.09134292602539, 891.880615234375], [-82.24166870117188, 32.05733871459961, 891.6150512695312], [-82.82324981689453, 32.005794525146484, 890.3499755859375], [-82.79052734375, 33.45065689086914, 890.8790283203125], [-82.25018310546875, 30.93227767944336, 889.2469482421875], [-83.0031509399414, 34.30690383911133, 890.7862548828125], [-82.71923065185547, 33.39031982421875, 891.6600341796875], [-82.0400390625, 31.0148983001709, 890.6986083984375], [-82.72005462646484, 33.08499526977539, 891.1737060546875], [-82.04994201660156, 31.88041877746582, 892.3343505859375], [-82.41107940673828, 31.72510528564453, 891.7608642578125], [-81.85025024414062, 30.425180435180664, 891.008544921875], [-82.84285736083984, 31.269655227661133, 888.3203735351562], [-82.53377532958984, 31.55033302307129, 890.107421875], [-82.29887390136719, 31.612468719482422, 890.5663452148438], [-82.65666961669922, 30.49828338623047, 886.744140625], [-82.70547485351562, 32.286563873291016, 891.031005859375]], "2D pos": [[252.0, 255.0], [252.0, 255.0], [252.0, 254.0], [252.0, 254.0], [252.0, 254.0], [252.0, 255.0], [252.0, 255.0], [252.0, 256.0], [252.0, 254.0], [252.0, 257.0], [252.0, 256.0], [252.0, 254.0], [252.0, 256.0], [252.0, 255.0], [252.0, 255.0], [253.0, 254.0], [252.0, 254.0], [252.0, 255.0], [252.0, 255.0], [252.0, 254.0], [252.0, 255.0]], "time": [1548806260.851, 1548806260.89, 1548806263.15, 1548806265.473, 1548806265.536, 1548806267.793, 1548806267.898, 1548806270.17, 1548806272.423, 1548806274.697, 1548806274.762, 1548806277.039, 1548806277.145, 1548806279.325, 1548806279.432, 1548806281.703, 1548806281.771, 1548806284.038, 1548806284.154, 1548806286.484, 1548806286.593]}, "Marker 1": {"3D pos": [[-5.740087985992432, 32.24195098876953, 862.331787109375], [-5.748784065246582, 32.19566345214844, 861.9539184570312], [-5.8422698974609375, 32.19231414794922, 860.9654541015625], [-5.8426594734191895, 32.224021911621094, 860.2072143554688], [-5.797709941864014, 32.246192932128906, 862.4014892578125], [-5.827978610992432, 32.27764892578125, 862.1336059570312], [-5.743527889251709, 32.175479888916016, 862.6561889648438], [-5.545313358306885, 32.25048065185547, 863.6762084960938], [-5.935735702514648, 32.049251556396484, 859.5297241210938], [-5.495151996612549, 32.172576904296875, 864.4004516601562], [-5.541288375854492, 32.26772689819336, 864.263671875], [-5.92469596862793, 32.170684814453125, 860.4765014648438], [-5.525850772857666, 32.28457260131836, 863.8118896484375], [-5.81879186630249, 32.19367980957031, 862.3848876953125], [-5.731717109680176, 32.21574020385742, 862.9808349609375], [-5.910360813140869, 32.194496154785156, 860.3775634765625], [-5.731267929077148, 32.1348876953125, 860.728515625], [-5.753983020782471, 32.19747543334961, 861.5995483398438], [-5.817677021026611, 32.160667419433594, 861.2647705078125], [-5.80768346786499, 31.99375343322754, 858.4553833007812], [-5.618249893188477, 32.311302185058594, 863.357666015625]], "2D pos": [[307.0, 256.0], [307.0, 256.0], [307.0, 256.0], [307.0, 256.0], [307.0, 256.0], [307.0, 256.0], [307.0, 256.0], [308.0, 256.0], [307.0, 256.0], [308.0, 256.0], [308.0, 256.0], [307.0, 256.0], [308.0, 256.0], [307.0, 256.0], [307.0, 256.0], [307.0, 256.0], [307.0, 256.0], [307.0, 256.0], [307.0, 256.0], [307.0, 256.0], [307.0, 256.0]], "time": [1548806260.851, 1548806260.89, 1548806263.15, 1548806265.473, 1548806265.536, 1548806267.793, 1548806267.898, 1548806270.17, 1548806272.423, 1548806274.697, 1548806274.762, 1548806277.039, 1548806277.145, 1548806279.325, 1548806279.432, 1548806281.703, 1548806281.771, 1548806284.038, 1548806284.154, 1548806286.484, 1548806286.593]}}