{"Marker 2": {"3D pos": [[-6.772556781768799, 9.651864051818848, 528.0122680664062]], "2D pos": [[303.0, 244.0]], "time": [1548806431.325]}, "Start Point": {"3D pos": [[-82.54036712646484, 28.096940994262695, 682.6810913085938], [-82.6583023071289, 29.749826431274414, 681.9962158203125], [-82.6565933227539, 31.1719913482666, 680.8721313476562], [-82.55657196044922, 29.97637367248535, 682.3348999023438], [-82.70341491699219, 31.664472579956055, 679.8240356445312], [-82.640380859375, 30.715757369995117, 681.2223510742188], [-82.67166137695312, 30.236217498779297, 681.9130859375], [-82.58348846435547, 31.123273849487305, 681.0553588867188], [-82.6117935180664, 31.22287940979004, 681.0647583007812], [-82.47689056396484, 29.86971664428711, 682.9475708007812], [-82.63763427734375, 29.823348999023438, 682.2352905273438], [-82.7020263671875, 31.083921432495117, 680.3272094726562], [-82.581298828125, 30.236494064331055, 682.037353515625], [-82.58667755126953, 30.489418029785156, 681.9496459960938], [-82.67704010009766, 29.486412048339844, 681.8271484375], [-82.5369644165039, 29.812891006469727, 682.46533203125], [-82.29737091064453, 30.741235733032227, 683.5972900390625], [-82.69383239746094, 30.735578536987305, 680.8661499023438], [-82.53478240966797, 31.138608932495117, 681.4188232421875], [-82.49109649658203, 29.544845581054688, 682.8125], [-82.62821197509766, 30.63045310974121, 681.572265625], [-82.73633575439453, 29.637813568115234, 681.5712280273438], [-82.71127319335938, 30.343402862548828, 681.37744140625], [-82.61602020263672, 31.724340438842773, 680.479736328125], [-82.60273742675781, 31.0578556060791, 680.9464721679688], [-82.64968872070312, 31.55606460571289, 680.387451171875], [-82.58737182617188, 30.106966018676758, 682.12353515625], [-82.5283432006836, 28.226850509643555, 682.682373046875], [-82.64106750488281, 29.375120162963867, 682.2107543945312], [-82.69728088378906, 29.822513580322266, 681.9366455078125], [-82.6597671508789, 31.850553512573242, 680.0023193359375], [-82.6854248046875, 31.16476058959961, 680.5450439453125], [-82.64324188232422, 30.929855346679688, 680.9710083007812], [-82.60526275634766, 31.226621627807617, 681.1140747070312], [-82.53767395019531, 29.627262115478516, 682.3648071289062], [-82.57555389404297, 31.213104248046875, 681.0982666015625], [-82.61442565917969, 30.755292892456055, 681.3461303710938], [-82.66333770751953, 29.96708869934082, 681.8819580078125], [-82.58186340332031, 31.11794090270996, 681.349365234375], [-82.55367279052734, 30.84575080871582, 681.5026245117188], [-82.65575408935547, 30.983922958374023, 680.8922119140625]], "2D pos": [[234.0, 258.0], [234.0, 260.0], [233.0, 261.0], [234.0, 260.0], [233.0, 262.0], [234.0, 261.0], [234.0, 260.0], [234.0, 261.0], [234.0, 261.0], [234.0, 260.0], [234.0, 260.0], [233.0, 261.0], [234.0, 260.0], [234.0, 261.0], [234.0, 260.0], [234.0, 260.0], [234.0, 261.0], [233.0, 261.0], [234.0, 261.0], [234.0, 260.0], [234.0, 261.0], [234.0, 260.0], [234.0, 260.0], [233.0, 262.0], [234.0, 261.0], [233.0, 262.0], [234.0, 260.0], [234.0, 258.0], [234.0, 260.0], [234.0, 260.0], [233.0, 262.0], [233.0, 261.0], [234.0, 261.0], [234.0, 261.0], [234.0, 260.0], [234.0, 261.0], [234.0, 261.0], [234.0, 260.0], [234.0, 261.0], [234.0, 261.0], [234.0, 261.0]], "time": [1548806431.314, 1548806431.354, 1548806432.228, 1548806433.101, 1548806433.209, 1548806434.148, 1548806435.021, 1548806435.084, 1548806435.966, 1548806436.073, 1548806436.965, 1548806437.066, 1548806437.958, 1548806438.829, 1548806439.734, 1548806440.61, 1548806440.68, 1548806441.588, 1548806441.686, 1548806442.517, 1548806442.611, 1548806443.499, 1548806443.565, 1548806444.472, 1548806445.396, 1548806446.261, 1548806447.142, 1548806447.205, 1548806448.113, 1548806449.057, 1548806449.126, 1548806449.987, 1548806450.897, 1548806450.96, 1548806451.856, 1548806451.954, 1548806452.81, 1548806453.671, 1548806453.767, 1548806454.619, 1548806455.507]}, "Marker 1": {"3D pos": [[-5.844533443450928, 27.007274627685547, 653.96142578125], [-5.831207275390625, 26.837047576904297, 653.7584838867188], [-5.810872554779053, 26.72001838684082, 652.886962890625], [-5.862320899963379, 26.83993148803711, 653.7620239257812], [-5.784668922424316, 26.64683723449707, 652.1367797851562], [-5.8347487449646, 26.73342514038086, 653.056884765625], [-5.837328910827637, 26.80243682861328, 653.7537231445312], [-5.823676586151123, 26.679424285888672, 652.8341064453125], [-5.856142044067383, 26.723648071289062, 652.8409423828125], [-5.722712516784668, 26.92631721496582, 654.515380859375], [-5.821867942810059, 26.839679718017578, 653.9741821289062], [-5.835944652557373, 26.68474578857422, 652.3896484375], [-5.802762031555176, 26.80136489868164, 653.7263793945312], [-5.843489646911621, 26.766000747680664, 653.579345703125], [-5.8352437019348145, 26.857807159423828, 653.6015625], [-5.843837261199951, 26.856813430786133, 653.8701782226562], [-5.764933109283447, 26.911739349365234, 654.6771240234375], [-5.82798957824707, 26.711658477783203, 652.8713989257812], [-5.821535110473633, 26.707361221313477, 653.0692749023438], [-5.814170837402344, 26.87464714050293, 654.1458740234375], [-5.832304000854492, 26.752172470092773, 653.3658447265625], [-5.8289475440979, 26.83460235595703, 653.541748046875], [-5.816185474395752, 26.758056640625, 653.4033813476562], [-5.828916549682617, 26.636367797851562, 652.4420776367188], [-5.827997207641602, 26.68607521057129, 652.7545776367188], [-5.834325313568115, 26.6181640625, 652.4004516601562], [-5.824112415313721, 26.838056564331055, 653.7515258789062], [-5.831101417541504, 26.974966049194336, 653.97314453125], [-5.815110683441162, 26.88633155822754, 653.9293823242188], [-5.849047660827637, 26.83086395263672, 653.7647705078125], [-5.803406715393066, 26.602827072143555, 652.1847534179688], [-5.819343566894531, 26.6671199798584, 652.6231689453125], [-5.839244365692139, 26.679080963134766, 652.8403930664062], [-5.830112934112549, 26.70701026916504, 652.9465942382812], [-5.808221340179443, 26.88593292236328, 653.8458251953125], [-5.795016765594482, 26.691696166992188, 652.94580078125], [-5.829270362854004, 26.738948822021484, 653.1297607421875], [-5.851536750793457, 26.79816246032715, 653.6301879882812], [-5.7318878173828125, 26.764511108398438, 653.3603515625], [-5.827472686767578, 26.737333297729492, 653.1394653320312], [-5.790374755859375, 26.709091186523438, 652.9334106445312]], "2D pos": [[306.0, 258.0], [306.0, 258.0], [306.0, 258.0], [306.0, 258.0], [306.0, 258.0], [306.0, 258.0], [306.0, 258.0], [306.0, 258.0], [306.0, 258.0], [306.0, 258.0], [306.0, 258.0], [306.0, 258.0], [306.0, 258.0], [306.0, 258.0], [306.0, 258.0], [306.0, 258.0], [306.0, 258.0], [306.0, 258.0], [306.0, 258.0], [306.0, 258.0], [306.0, 258.0], [306.0, 258.0], [306.0, 258.0], [306.0, 258.0], [306.0, 258.0], [306.0, 258.0], [306.0, 258.0], [306.0, 258.0], [306.0, 258.0], [306.0, 258.0], [306.0, 258.0], [306.0, 258.0], [306.0, 258.0], [306.0, 258.0], [306.0, 258.0], [306.0, 258.0], [306.0, 258.0], [306.0, 258.0], [306.0, 258.0], [306.0, 258.0], [306.0, 258.0]], "time": [1548806431.314, 1548806431.354, 1548806432.228, 1548806433.101, 1548806433.209, 1548806434.148, 1548806435.021, 1548806435.084, 1548806435.966, 1548806436.073, 1548806436.965, 1548806437.066, 1548806437.958, 1548806438.829, 1548806439.734, 1548806440.61, 1548806440.68, 1548806441.588, 1548806441.686, 1548806442.517, 1548806442.611, 1548806443.499, 1548806443.565, 1548806444.472, 1548806445.396, 1548806446.261, 1548806447.142, 1548806447.205, 1548806448.113, 1548806449.057, 1548806449.126, 1548806449.987, 1548806450.897, 1548806450.96, 1548806451.856, 1548806451.954, 1548806452.81, 1548806453.671, 1548806453.767, 1548806454.619, 1548806455.507]}}