{"Marker 2": {"3D pos": [[-6.772556781768799, 9.651864051818848, 528.0122680664062]], "2D pos": [[303.0, 244.0]], "time": [1548806514.927]}, "Start Point": {"3D pos": [[-77.84757232666016, 17.961238861083984, 476.88214111328125], [-77.80560302734375, 17.34998893737793, 476.75872802734375], [-77.84333801269531, 18.088603973388672, 477.1907043457031], [-77.67524719238281, 17.46355628967285, 477.4536437988281], [-77.72357177734375, 17.701465606689453, 477.1385192871094], [-77.8570785522461, 17.947317123413086, 476.9489440917969], [-77.53980255126953, 17.641944885253906, 477.7770690917969], [-77.7505111694336, 17.56407928466797, 477.2132873535156], [-77.7837905883789, 17.75499153137207, 477.2191162109375], [-77.85714721679688, 17.900300979614258, 477.042236328125], [-77.77095794677734, 17.80811309814453, 477.3502197265625], [-77.97993469238281, 17.993057250976562, 476.4212341308594], [-77.89344787597656, 18.01565170288086, 476.568603515625], [-77.78783416748047, 17.940200805664062, 477.1352233886719], [-78.10375213623047, 18.106042861938477, 476.0697937011719], [-77.75057983398438, 17.80477523803711, 477.1918640136719], [-77.96310424804688, 18.209918975830078, 476.61651611328125], [-77.73262023925781, 17.6540584564209, 477.4178771972656], [-77.99588012695312, 18.247756958007812, 476.6344299316406], [-77.87090301513672, 18.015268325805664, 476.9354553222656], [-77.63064575195312, 17.596853256225586, 477.61810302734375], [-77.64215087890625, 17.591581344604492, 477.5251159667969], [-77.92017364501953, 18.146568298339844, 476.91802978515625], [-77.7228775024414, 18.18041229248047, 477.56646728515625], [-77.77446746826172, 17.910844802856445, 477.2237854003906], [-77.5998764038086, 17.500497817993164, 477.8111877441406], [-77.66162109375, 17.819835662841797, 477.4962463378906], [-78.03836822509766, 18.20236587524414, 476.3515625], [-77.97966766357422, 17.922273635864258, 476.5813903808594], [-78.21821594238281, 18.414318084716797, 475.7919921875], [-77.9288330078125, 17.872882843017578, 476.7968444824219], [-77.54821014404297, 17.73348045349121, 477.81585693359375], [-77.58139038085938, 17.653535842895508, 477.773193359375], [-77.71769714355469, 17.863746643066406, 477.43865966796875], [-77.78433990478516, 17.777990341186523, 476.85882568359375], [-77.63567352294922, 17.78789520263672, 477.6225891113281], [-77.81721496582031, 17.700511932373047, 477.0281066894531], [-77.5785903930664, 17.38701820373535, 477.7073059082031], [-77.88335418701172, 17.993825912475586, 477.11163330078125], [-77.8163070678711, 17.983083724975586, 477.18731689453125], [-78.1564712524414, 18.25074005126953, 475.9529113769531], [-78.02958679199219, 18.445436477661133, 476.3169860839844], [-77.43260192871094, 17.252416610717773, 478.1151428222656], [-77.83292388916016, 17.724700927734375, 476.7414855957031], [-77.71792602539062, 17.708858489990234, 477.1289367675781], [-77.85714721679688, 17.834880828857422, 477.1038818359375]], "2D pos": [[207.0, 256.0], [207.0, 255.0], [207.0, 256.0], [207.0, 255.0], [207.0, 256.0], [207.0, 256.0], [207.0, 256.0], [207.0, 256.0], [207.0, 256.0], [207.0, 256.0], [207.0, 256.0], [206.0, 256.0], [206.0, 256.0], [207.0, 256.0], [206.0, 256.0], [207.0, 256.0], [206.0, 256.0], [207.0, 256.0], [206.0, 256.0], [207.0, 256.0], [207.0, 256.0], [207.0, 256.0], [206.0, 256.0], [207.0, 256.0], [207.0, 256.0], [207.0, 255.0], [207.0, 256.0], [206.0, 256.0], [206.0, 256.0], [206.0, 257.0], [206.0, 256.0], [207.0, 256.0], [207.0, 256.0], [207.0, 256.0], [207.0, 256.0], [207.0, 256.0], [207.0, 256.0], [207.0, 255.0], [207.0, 256.0], [207.0, 256.0], [206.0, 257.0], [206.0, 257.0], [207.0, 255.0], [207.0, 256.0], [207.0, 256.0], [207.0, 256.0]], "time": [1548806514.917, 1548806514.954, 1548806515.791, 1548806516.636, 1548806516.701, 1548806517.556, 1548806517.654, 1548806518.555, 1548806518.653, 1548806519.492, 1548806519.557, 1548806520.433, 1548806520.528, 1548806521.391, 1548806521.488, 1548806522.326, 1548806522.393, 1548806523.257, 1548806523.357, 1548806524.241, 1548806524.307, 1548806525.175, 1548806525.272, 1548806526.094, 1548806526.193, 1548806527.036, 1548806527.926, 1548806527.981, 1548806528.872, 1548806528.971, 1548806529.792, 1548806529.89, 1548806530.733, 1548806530.8, 1548806531.638, 1548806532.537, 1548806532.6, 1548806533.467, 1548806534.326, 1548806534.393, 1548806535.247, 1548806535.347, 1548806536.16, 1548806536.256, 1548806537.116, 1548806537.99]}, "Marker 1": {"3D pos": [[-2.344709873199463, 17.040626525878906, 445.1531982421875], [-2.3567235469818115, 17.111331939697266, 444.88922119140625], [-2.3479456901550293, 17.036378860473633, 445.4480895996094], [-2.36860990524292, 17.092769622802734, 445.2507019042969], [-2.350388765335083, 17.056753158569336, 445.0959777832031], [-2.344494581222534, 17.05863380432129, 445.24224853515625], [-2.3609344959259033, 17.076128005981445, 445.27978515625], [-2.3556067943573, 17.08159828186035, 445.21905517578125], [-2.354815721511841, 17.081315994262695, 445.3087463378906], [-2.3679897785186768, 17.05477523803711, 445.2785949707031], [-2.356715679168701, 17.070619583129883, 445.4064636230469], [-2.294678211212158, 17.059022903442383, 445.1302490234375], [-2.304051399230957, 17.03411102294922, 445.0481872558594], [-2.353022813796997, 17.039875030517578, 445.2442321777344], [-2.292212724685669, 17.05120086669922, 445.08990478515625], [-2.336970329284668, 17.054052352905273, 445.24688720703125], [-2.3208518028259277, 16.991682052612305, 445.2314758300781], [-2.362020492553711, 17.090171813964844, 445.3677673339844], [-2.3368618488311768, 16.99658966064453, 445.2911071777344], [-2.349538564682007, 17.04539680480957, 445.2520446777344], [-2.3643012046813965, 17.068086624145508, 445.3233337402344], [-2.3488359451293945, 17.0636043548584, 445.2932434082031], [-2.3212099075317383, 17.008983612060547, 445.4258117675781], [-2.343080520629883, 17.02838897705078, 445.5537414550781], [-2.3358044624328613, 17.0323543548584, 445.34130859375], [-2.358994722366333, 17.106609344482422, 445.4552001953125], [-2.3459808826446533, 17.043842315673828, 445.32159423828125], [-2.3108537197113037, 17.040334701538086, 445.170654296875], [-2.3055131435394287, 17.079071044921875, 445.260986328125], [-2.3302395343780518, 16.975828170776367, 445.0153503417969], [-2.336386203765869, 17.078855514526367, 445.2784729003906], [-2.3765084743499756, 17.05137825012207, 445.3042297363281], [-2.382955551147461, 17.081497192382812, 445.3213195800781], [-2.3663408756256104, 17.026165008544922, 445.34930419921875], [-2.325380563735962, 17.03951072692871, 445.0208740234375], [-2.372502565383911, 17.045385360717773, 445.3245849609375], [-2.3372654914855957, 17.093076705932617, 445.2371520996094], [-2.387472152709961, 17.106605529785156, 445.2346496582031], [-2.3562636375427246, 17.054439544677734, 445.4409484863281], [-2.344184160232544, 17.03742218017578, 445.38604736328125], [-2.2915775775909424, 17.00026512145996, 445.1112060546875], [-2.3177356719970703, 16.992595672607422, 445.1102600097656], [-2.375439167022705, 17.11560821533203, 445.3331298828125], [-2.338561773300171, 17.041532516479492, 444.986328125], [-2.3444130420684814, 17.064268112182617, 445.0871887207031], [-2.3460774421691895, 17.075721740722656, 445.39019775390625]],