{"Start Point wrt Marker in CT": [[1, 0, 0, -48.0], [0, 1, 0, -48.0], [0, 0, 1, 1.9073486612342094e-07], [0, 0, 0, 1]], "Marker 2": {"3D pos": [], "2D pos": [], "time": []}, "Start Point": {"3D pos": [[-51.478759765625, -44.370609283447266, 274.7593688964844], [-51.41012954711914, -44.30312728881836, 275.4848327636719], [-51.407596588134766, -44.3011589050293, 275.5094299316406], [-51.44807815551758, -44.39118957519531, 274.8277587890625], [-51.47554016113281, -44.372718811035156, 274.71728515625], [-51.4442138671875, -44.28448486328125, 275.39996337890625], [-51.40724182128906, -44.317726135253906, 275.4493103027344], [-51.41475296020508, -44.30569076538086, 275.4960632324219], [-51.415802001953125, -44.31157302856445, 275.4079284667969], [-51.44449234008789, -44.3279914855957, 275.2964782714844], [-51.42732620239258, -44.32329177856445, 275.2223205566406], [-51.48179244995117, -44.41017150878906, 274.5503845214844], [-51.43032455444336, -44.359375, 275.1594543457031], [-51.45774459838867, -44.33946990966797, 275.0083923339844], [-51.39631652832031, -44.270912170410156, 275.7945861816406], [-51.445899963378906, -44.35710144042969, 274.9892272949219], [-51.413333892822266, -44.30103302001953, 275.4379577636719], [-51.45448684692383, -44.332210540771484, 275.1694030761719], [-51.419708251953125, -44.325828552246094, 275.2939453125], [-51.41020202636719, -44.286231994628906, 275.5476379394531], [-51.449649810791016, -44.387176513671875, 274.7535095214844], [-51.413333892822266, -44.30103302001953, 275.4379577636719], [-51.41876220703125, -44.33045196533203, 275.3581237792969], [-51.42317581176758, -44.3355827331543, 275.218505859375], [-51.45735549926758, -44.356101989746094, 274.9408874511719], [-51.43367385864258, -44.315155029296875, 275.2931823730469], [-51.41147994995117, -44.32387924194336, 275.5319519042969], [-51.408504486083984, -44.321678161621094, 275.5173645019531], [-51.404170989990234, -44.30890655517578, 275.5690002441406], [-51.42035675048828, -44.34273147583008, 275.2785949707031], [-51.4034538269043, -44.29142761230469, 275.7755126953125], [-51.42479705810547, -44.34043502807617, 275.2245178222656], [-51.424949645996094, -44.338504791259766, 275.27685546875], [-51.43914031982422, -44.349769592285156, 275.0332336425781], [-51.428531646728516, -44.34358215332031, 275.232421875], [-51.43903350830078, -44.3663215637207, 275.0202331542969], [-51.448936462402344, -44.38758850097656, 274.75555419921875], [-51.4221305847168, -44.35807418823242, 275.1234130859375], [-51.42388153076172, -44.33091735839844, 275.2839050292969], [-51.450050354003906, -44.37306594848633, 274.8521423339844], [-51.41473388671875, -44.313472747802734, 275.3497314453125], [-51.45333480834961, -44.32945251464844, 275.193115234375], [-51.44602584838867, -44.37570571899414, 274.861572265625], [-51.42909622192383, -44.377986907958984, 275.0432434082031], [-51.44530487060547, -44.371665954589844, 274.9365234375], [-51.4442253112793, -44.36393356323242, 274.9472961425781], [-51.41154861450195, -44.31947708129883, 275.4717712402344]], "2D pos": [[191.0, 128.0], [192.0, 128.0], [192.0, 128.0], [191.0, 128.0], [191.0, 128.0], [191.0, 128.0], [192.0, 128.0], [192.0, 128.0], [191.0, 128.0], [191.0, 128.0], [191.0, 128.0], [191.0, 128.0], [191.0, 128.0], [191.0, 128.0], [192.0, 129.0], [191.0, 128.0], [191.0, 128.0], [191.0, 128.0], [191.0, 128.0], [192.0, 128.0], [191.0, 128.0], [191.0, 128.0], [191.0, 128.0], [191.0, 128.0], [191.0, 128.0], [191.0, 128.0], [192.0, 128.0], [192.0, 128.0], [192.0, 128.0], [191.0, 128.0], [192.0, 129.0], [191.0, 128.0], [191.0, 128.0], [191.0, 128.0], [191.0, 128.0], [191.0, 128.0], [191.0, 128.0], [191.0, 128.0], [191.0, 128.0], [191.0, 128.0], [191.0, 128.0], [191.0, 128.0], [191.0, 128.0], [191.0, 128.0], [191.0, 128.0], [191.0, 128.0], [192.0, 128.0]], "time": [1551396031.114, 1551396031.174, 1551396031.305, 1551396031.389, 1551396031.492, 1551396031.545, 1551396031.644, 1551396031.719, 1551396031.825, 1551396031.922, 1551396031.979, 1551396032.076, 1551396032.247, 1551396032.383, 1551396032.455, 1551396032.613, 1551396032.693, 1551396032.76, 1551396032.852, 1551396032.944, 1551396033.046, 1551396033.148, 1551396033.198, 1551396033.297, 1551396033.394, 1551396033.496, 1551396033.594, 1551396033.698, 1551396033.75, 1551396033.857, 1551396033.948, 1551396034.003, 1551396034.093, 1551396034.198, 1551396034.254, 1551396034.352, 1551396034.45, 1551396034.564, 1551396034.686, 1551396034.733, 1551396034.83, 1551396034.935, 1551396035.03, 1551396035.131, 1551396035.232, 1551396035.279, 1551396035.4]}, "Marker 1": {"3D pos": [[-2.9401800632476807, 2.646533489227295, 268.32550048828125], [-2.9433250427246094, 2.6477577686309814, 268.0968017578125], [-2.943729877471924, 2.647596597671509, 268.0886535644531], [-2.9375319480895996, 2.639279842376709, 268.2808532714844], [-2.9332306385040283, 2.6391708850860596, 268.2731628417969], [-2.9455606937408447, 2.655071258544922, 268.15020751953125], [-2.946897506713867, 2.64638090133667, 268.1030578613281], [-2.9461915493011475, 2.6516175270080566, 268.1605224609375], [-2.9385223388671875, 2.644611120223999, 268.1230163574219], [-2.951523780822754, 2.647153615951538, 268.2418518066406], [-2.932654619216919, 2.6417124271392822, 268.11212158203125], [-2.9373624324798584, 2.640026569366455, 268.4089660644531], [-2.9418022632598877, 2.643134117126465, 268.2581787109375], [-2.9413371086120605, 2.6468212604522705, 268.1932067871094], [-2.950073480606079, 2.652130365371704, 268.1011047363281], [-2.9319586753845215, 2.6415884494781494, 268.2423400878906], [-2.939221143722534, 2.6469671726226807, 268.07958984375], [-2.9460906982421875, 2.646851062774658, 268.2481689453125], [-2.937408924102783, 2.642587900161743, 268.1221618652344], [-2.9402036666870117, 2.64894700050354, 268.0811462402344], [-2.93345046043396, 2.641437292098999, 268.2352294921875], [-2.9392213821411133, 2.6469671726226807, 268.07958984375], [-2.9412882328033447, 2.6404154300689697, 268.1697998046875], [-2.932701587677002, 2.6394777297973633, 268.14617919921875], [-2.9443769454956055, 2.6456220149993896, 268.20819091796875], [-2.9356777667999268, 2.6478567123413086, 268.1925048828125], [-2.946464776992798, 2.6405160427093506, 268.2184143066406], [-2.9467718601226807, 2.643498182296753, 268.1871032714844], [-2.9477875232696533, 2.6456820964813232, 268.1362609863281], [-2.936750888824463, 2.637582540512085, 268.1941223144531], [-2.94876766204834, 2.644227981567383, 268.2132568359375], [-2.932323694229126, 2.6365909576416016, 268.1790466308594], [-2.936368942260742, 2.6372194290161133, 268.19598388671875], [-2.933218240737915, 2.6442506313323975, 268.1967468261719], [-2.9389426708221436, 2.6443886756896973, 268.240234375], [-2.9325644969940186, 2.6391501426696777, 268.266845703125], [-2.933527946472168, 2.641468048095703, 268.234619140625], [-2.935584783554077, 2.638737678527832, 268.169677734375], [-2.9367527961730957, 2.6397976875305176, 268.15997314453125], [-2.9304873943328857, 2.6396617889404297, 268.24493408203125], [-2.9385554790496826, 2.6448147296905518, 268.0710144042969], [-2.9464242458343506, 2.646641969680786, 268.24139404296875], [-2.930905342102051, 2.6398792266845703, 268.2420959472656], [-2.9410061836242676, 2.6414568424224854, 268.2552185058594], [-2.9352023601531982, 2.6402640342712402, 268.2546081542969], [-2.9356579780578613, 2.6428639888763428, 268.2182922363281], [-2.9426634311676025, 2.6426994800567627, 268.1696472167969]],