{"Start Point wrt Marker in CT": [[1, 0, 0, -48.0], [0, 1, 0, 0.0], [0, 0, 1, 1.9073486612342094e-07], [0, 0, 0, 1]], "Marker 2": {"3D pos": [], "2D pos": [], "time": []}, "Start Point": {"3D pos": [[-2.7192156314849854, -46.90156555175781, 188.1741485595703], [-2.7370593547821045, -46.911441802978516, 188.09532165527344], [-2.7214035987854004, -46.90066909790039, 188.06454467773438], [-2.7513070106506348, -46.908729553222656, 188.04869079589844], [-2.7596828937530518, -46.91280746459961, 188.0614471435547], [-2.6712255477905273, -46.88496780395508, 188.32545471191406], [-2.712761402130127, -46.8956413269043, 188.2279510498047], [-2.7402567863464355, -46.90932083129883, 188.4169921875], [-2.7259421348571777, -46.90769958496094, 188.30162048339844], [-2.6902477741241455, -46.88447189331055, 188.2338104248047], [-2.7216882705688477, -46.90675735473633, 188.2450714111328], [-2.739243507385254, -46.91152572631836, 188.04481506347656], [-2.7361488342285156, -46.899192810058594, 188.2775421142578], [-2.7191905975341797, -46.903228759765625, 188.33349609375], [-2.7190895080566406, -46.89801025390625, 188.27496337890625], [-2.6964120864868164, -46.89780807495117, 188.1495819091797], [-2.6975440979003906, -46.888309478759766, 188.0947723388672], [-2.6894917488098145, -46.904380798339844, 188.2221221923828], [-2.6736955642700195, -46.86860275268555, 188.53091430664062], [-2.7336699962615967, -46.905616760253906, 188.35494995117188], [-2.7173407077789307, -46.900630950927734, 188.07655334472656], [-2.723842144012451, -46.904239654541016, 188.37149047851562], [-2.7211217880249023, -46.9020881652832, 188.025390625], [-2.7004635334014893, -46.90009307861328, 188.2277069091797], [-2.7110514640808105, -46.89799499511719, 188.28448486328125], [-2.719754219055176, -46.89783477783203, 188.28761291503906], [-2.717998504638672, -46.89979934692383, 188.2218017578125], [-2.740402936935425, -46.906768798828125, 188.1966094970703], [-2.73846173286438, -46.90644073486328, 188.24945068359375], [-2.7271337509155273, -46.90817642211914, 188.2298126220703], [-2.72624135017395, -46.90850830078125, 188.1596221923828], [-2.7163589000701904, -46.89960861206055, 188.24888610839844], [-2.7041707038879395, -46.90110778808594, 188.27821350097656], [-2.707892417907715, -46.900882720947266, 188.29795837402344], [-2.711944818496704, -46.90325927734375, 188.34390258789062], [-2.6938371658325195, -46.894317626953125, 188.26568603515625], [-2.737583875656128, -46.90517807006836, 188.24359130859375], [-2.703794002532959, -46.8953742980957, 188.26829528808594], [-2.7119300365448, -46.902862548828125, 188.2135467529297], [-2.7199621200561523, -46.90428161621094, 188.19590759277344], [-2.742459774017334, -46.90665054321289, 188.21827697753906], [-2.7404215335845947, -46.90791320800781, 188.24070739746094], [-2.7335917949676514, -46.90269088745117, 188.36622619628906], [-2.720968246459961, -46.901676177978516, 188.15162658691406], [-2.7241404056549072, -46.89999771118164, 188.35418701171875], [-2.7043814659118652, -46.89915084838867, 188.13006591796875], [-2.725773334503174, -46.904998779296875, 187.93666076660156], [-2.716251850128174, -46.90036392211914, 188.14198303222656], [-2.7095038890838623, -46.898983001708984, 188.14593505859375], [-2.7276875972747803, -46.90883255004883, 188.09515380859375], [-2.71728777885437, -46.90507125854492, 188.28916931152344], [-2.71114182472229, -46.90156555175781, 188.1973419189453], [-2.716017484664917, -46.901912689208984, 188.11605834960938], [-2.714399576187134, -46.904815673828125, 188.07955932617188], [-2.7225265502929688, -46.90520095825195, 188.26971435546875], [-2.7349376678466797, -46.907432556152344, 188.06834411621094], [-2.7079684734344482, -46.90077590942383, 188.30908203125], [-2.711698055267334, -46.902183532714844, 188.28067016601562], [-2.7290356159210205, -46.9039306640625, 188.22265625], [-2.7145464420318604, -46.90276336669922, 188.20083618164062], [-2.7205348014831543, -46.904014587402344, 188.39663696289062], [-2.7223048210144043, -46.908199310302734, 188.2333526611328], [-2.7211360931396484, -46.901451110839844, 188.19688415527344], [-2.7170653343200684, -46.901336669921875, 188.21141052246094], [-2.7099757194519043, -46.90080261230469, 188.05381774902344], [-2.728541135787964, -46.90721130371094, 188.3583526611328], [-2.72599458694458, -46.90696334838867, 188.2022705078125], [-2.7073569297790527, -46.90196228027344, 188.1300506591797], [-2.7208821773529053, -46.90470504760742, 188.1057891845703], [-2.728929281234741, -46.904998779296875, 188.28257751464844], [-2.7298693656921387, -46.903743743896484, 188.2399139404297], [-2.7202975749969482, -46.902095794677734, 188.28839111328125], [-2.716979503631592, -46.90267562866211, 188.2161407470703], [-2.732394218444824, -46.90608596801758, 188.0687713623047], [-2.7434048652648926, -46.907039642333984, 188.14210510253906], [-2.7321431636810303, -46.90436553955078, 188.34054565429688], [-2.743198871612549, -46.909034729003906, 188.2866668701172], [-2.742593288421631, -46.90791702270508, 188.23193359375], [-2.7404987812042236, -46.91035842895508, 188.0208282470703], [-2.745603084564209, -46.91115188598633, 188.15367126464844]], "2D pos": [[302.0, 72.0], [302.0, 71.0], [302.0, 71.0], [302.0, 71.0], [302.0, 71.0], [303.0, 72.0], [302.0, 72.0], [302.0, 72.0], [302.0, 72.0], [302.0, 72.0], [302.0, 72.0], [302.0, 71.0], [302.0, 72.0], [302.0, 72.0], [302.0, 72.0], [302.0, 72.0], [302.0, 72.0], [302.0, 72.0], [303.0, 72.0], [302.0, 72.0], [302.0, 71.0], [302.0, 72.0], [302.0, 71.0], [302.0, 72.0], [302.0, 72.0], [302.0, 72.0], [302.0, 72.0], [302.0, 72.0], [302.0, 72.0], [302.0, 72.0], [302.0, 71.0], [302.0, 72.0], [302.0, 72.0], [302.0, 72.0], [302.0, 72.0], [302.0, 72.0], [302.0, 72.0], [302.0, 72.0], [302.0, 72.0], [302.0, 72.0], [302.0, 72.0], [302.0, 72.0], [302.0, 72.0], [302.0, 72.0], [302.0, 72.0], [302.0, 71.0], [302.0, 71.0], [302.0, 71.0], [302.0, 72.0], [302.0, 71.0], [302.0, 72.0], [302.0, 72.0], [302.0, 71.0], [302.0, 71.0], [302.0, 72.0], [302.0, 71.0], [302.0, 72.0], [302.0, 72.0], [302.0, 72.0], [302.0, 72.0], [302.0, 72.0], [302.0, 72.0], [302.0, 72.0], [302.0, 72.0], [302.0, 71.0], [302.0, 72.0], [302.0, 72.0], [302.0, 71.0], [302.0, 71.0], [302.0, 72.0], [302.0, 72.0], [302.0, 72.0], [302.0, 72.0], [302.0, 71.0], [302.0, 71.0], [302.0, 72.0], [302.0, 72.0], [302.0, 72.0], [302.0, 71.0], [302.0, 71.0]], "time": [1551396256.085, 1551396256.096, 1551396256.259, 1551396256.325, 1551396256.499, 1551396256.649, 1551396256.72, 1551396256.872, 1551396256.965, 1551396257.063, 1551396257.106, 1551396257.203, 1551396257.292, 1551396257.36, 1551396257.454, 1551396257.54, 1551396257.638, 1551396257.693, 1551396257.792, 1551396257.876, 1551396257.984, 1551396258.08, 1551396258.185, 1551396258.238, 1551396258.34, 1551396258.439, 1551396258.484, 1551396258.578, 1551396258.678, 1551396258.744, 1551396258.843, 1551396258.938, 1551396259.017, 1551396259.135, 1551396259.232, 1551396259.28, 1551396259.371, 1551396259.467, 1551396259.511, 1551396259.605, 1551396259.701, 1551396259.745, 1551396259.842, 1551396259.943, 1551396259.996, 1551396260.094, 1551396260.19, 1551396260.285, 1551396260.384, 1551396260.425, 1551396260.525, 1551396260.616, 1551396260.718, 1551396260.759, 1551396260.855, 1551396260.954, 1551396261.051, 1551396261.137, 1551396261.196, 1551396261.331, 1551396261.462, 1551396261.586, 1551396261.682, 1551396261.728, 1551396261.826, 1551396261.923, 1551396261.968, 1551396262.065, 1551396262.171, 1551396262.263, 1551396262.318, 1551396262.424, 1551396262.523, 1551396262.571, 1551396262.686, 1551396262.774, 1551396262.909, 1551396262.97, 1551396263.065, 1551396263.169]},