{"Start Point wrt Marker in CT": [[1, 0, 0, -48.0], [0, 1, 0, 0.0], [0, 0, 1, 1.9073486612342094e-07], [0, 0, 0, 1]], "Marker 2": {"3D pos": [], "2D pos": [], "time": []}, "Start Point": {"3D pos": [[-3.65712308883667, -45.261962890625, 267.0983581542969], [-3.6387863159179688, -45.27791976928711, 267.4019775390625], [-3.6612277030944824, -45.27249526977539, 267.5017395019531], [-3.7242281436920166, -45.25688171386719, 267.26983642578125], [-3.6963515281677246, -45.245845794677734, 266.9154968261719], [-3.6639299392700195, -45.26703643798828, 267.25537109375], [-3.6510205268859863, -45.289207458496094, 267.5790100097656], [-3.686382293701172, -45.25522232055664, 267.038330078125], [-3.6761531829833984, -45.2945671081543, 267.77423095703125], [-3.680879592895508, -45.260963439941406, 266.9775695800781], [-3.7035765647888184, -45.253089904785156, 267.2601623535156], [-3.6356923580169678, -45.27083206176758, 267.06903076171875], [-3.669081211090088, -45.285179138183594, 267.4952087402344], [-3.663623094558716, -45.25674057006836, 266.94171142578125], [-3.6736624240875244, -45.27751541137695, 267.4520263671875], [-3.6893043518066406, -45.25526428222656, 267.1907958984375], [-3.620582342147827, -45.320472717285156, 267.8647155761719], [-3.739616632461548, -45.21238327026367, 266.7749938964844], [-3.5968592166900635, -45.359275817871094, 268.3031311035156], [-3.6835203170776367, -45.2593879699707, 267.2889709472656], [-3.587097406387329, -45.36359786987305, 268.5511779785156], [-3.785630226135254, -45.21481704711914, 266.88861083984375], [-3.6237730979919434, -45.31862258911133, 267.9778747558594], [-3.6682755947113037, -45.268775939941406, 267.32879638671875], [-3.6867241859436035, -45.28420639038086, 267.3969421386719], [-3.672821044921875, -45.267127990722656, 267.33709716796875], [-3.7084662914276123, -45.221134185791016, 266.6659851074219], [-3.5951638221740723, -45.326515197753906, 267.84033203125], [-3.7260358333587646, -45.20724868774414, 266.6014404296875], [-3.5938591957092285, -45.337703704833984, 267.8734130859375], [-3.753852605819702, -45.25435256958008, 267.23419189453125], [-3.678419351577759, -45.286197662353516, 267.5506591796875], [-3.686615228652954, -45.254493713378906, 267.2557678222656], [-3.702404260635376, -45.26700210571289, 267.36553955078125], [-3.679823398590088, -45.2411003112793, 266.9580078125], [-3.677701950073242, -45.26002502441406, 267.12359619140625], [-3.633702516555786, -45.28872299194336, 267.3937683105469], [-3.6776039600372314, -45.26731491088867, 267.2650146484375], [-3.6708550453186035, -45.2641487121582, 267.11163330078125], [-3.6891603469848633, -45.255775451660156, 267.2511901855469], [-3.6903865337371826, -45.27299118041992, 267.5299987792969], [-3.627129077911377, -45.30011749267578, 267.5076599121094], [-3.7279560565948486, -45.26880645751953, 267.6915588378906], [-3.661273241043091, -45.27667236328125, 267.3182678222656], [-3.6659762859344482, -45.26582336425781, 267.1713562011719], [-3.7307865619659424, -45.259559631347656, 267.31341552734375], [-3.6734039783477783, -45.26472091674805, 267.2782287597656], [-3.7008321285247803, -45.250205993652344, 267.10638427734375], [-3.636265754699707, -45.288490295410156, 267.3681640625], [-3.7027149200439453, -45.254146575927734, 267.17010498046875], [-3.619499921798706, -45.301883697509766, 267.5604553222656], [-3.6252994537353516, -45.308563232421875, 267.7698669433594], [-3.6537909507751465, -45.275089263916016, 267.410888671875], [-3.6849334239959717, -45.248130798339844, 267.02264404296875], [-3.6782948970794678, -45.28226852416992, 267.4387512207031], [-3.6426215171813965, -45.291934967041016, 267.44091796875], [-3.640232801437378, -45.27899932861328, 267.2718811035156], [-3.655642509460449, -45.26949691772461, 267.23748779296875], [-3.619152545928955, -45.29125213623047, 267.4248046875], [-3.643721103668213, -45.2746467590332, 267.2759094238281], [-3.7021396160125732, -45.268402099609375, 267.2593688964844], [-3.6410014629364014, -45.27593994140625, 267.172607421875], [-3.665240526199341, -45.25809097290039, 267.0655212402344], [-3.678560733795166, -45.2663688659668, 267.1363525390625], [-3.6570587158203125, -45.298065185546875, 267.69757080078125], [-3.6781578063964844, -45.23345184326172, 266.825439453125], [-3.6501259803771973, -45.27827072143555, 267.2956848144531], [-3.6855056285858154, -45.25058364868164, 267.1051025390625], [-3.6719861030578613, -45.24784851074219, 266.9501953125], [-3.6825056076049805, -45.2479248046875, 266.9917297363281], [-3.678473711013794, -45.26836013793945, 267.3505554199219], [-3.6745688915252686, -45.265960693359375, 267.2500305175781], [-3.6645851135253906, -45.26018524169922, 266.925048828125], [-3.6965644359588623, -45.24802017211914, 267.0619812011719], [-3.6743459701538086, -45.26570510864258, 267.16900634765625], [-3.7550415992736816, -45.231407165527344, 267.0263671875], [-3.683353900909424, -45.25893783569336, 267.2076110839844], [-3.666735887527466, -45.26028823852539, 267.1977844238281], [-3.662353754043579, -45.27108383178711, 267.13458251953125], [-3.6871535778045654, -45.258792877197266, 267.0095520019531], [-3.6529858112335205, -45.28300094604492, 267.38519287109375], [-3.6929943561553955, -45.26425552368164, 267.3226318359375], [-3.6529762744903564, -45.26951217651367, 267.1917419433594], [-3.6598269939422607, -45.266639709472656, 267.2198791503906], [-3.68326473236084, -45.26750946044922, 267.3468017578125], [-3.6445579528808594, -45.27177047729492, 267.2811584472656], [-3.687645673751831, -45.2504997253418, 267.1216125488281], [-3.629031181335449, -45.27949905395508, 267.2243347167969], [-3.680675745010376, -45.252933502197266, 267.1358642578125], [-3.758481025695801, -45.2429084777832, 267.2284240722656], [-3.683358907699585, -45.268062591552734, 267.2723388671875], [-3.633492946624756, -45.278900146484375, 267.2258605957031], [-3.697277545928955, -45.25202941894531, 267.28704833984375], [-3.6768922805786133, -45.25040817260742, 267.0779113769531], [-3.676074743270874, -45.24589157104492, 267.0999755859375], [-3.6504359245300293, -45.27742385864258, 267.3091125488281], [-3.6762380599975586, -45.250606536865234, 267.0802001953125], [-3.655303478240967, -45.27861785888672, 267.26715087890625], [-3.7128922939300537, -45.24840545654297, 267.1434631347656], [-3.6565122604370117, -45.28471755981445, 267.4694519042969], [-3.6956992149353027, -45.24112319946289, 267.00537109375], [-3.6744375228881836, -45.25539016723633, 267.0442199707031], [-3.7549993991851807, -45.254051208496094, 267.3517761230469]],