{"Start Point wrt Marker in CT": [[1, 0, 0, -48.0], [0, 1, 0, 48.0], [0, 0, 1, 1.9073486612342094e-07], [0, 0, 0, 1]], "Marker 2": {"3D pos": [], "2D pos": [], "time": []}, "Start Point": {"3D pos": [[42.2238655090332, -45.23320007324219, 264.5447692871094], [42.22862243652344, -45.26164627075195, 264.9429016113281], [42.24113464355469, -45.291961669921875, 265.3891296386719], [42.220680236816406, -45.221038818359375, 264.403076171875], [42.25939178466797, -45.230995178222656, 265.20050048828125], [42.20103454589844, -45.23681640625, 264.236572265625], [42.18695068359375, -45.216224670410156, 263.8434753417969], [42.21532440185547, -45.15306854248047, 263.66107177734375], [42.18536376953125, -45.20249938964844, 263.6827087402344], [42.264217376708984, -45.13652801513672, 264.2392272949219], [42.233970642089844, -45.194725036621094, 264.4124755859375], [42.203948974609375, -45.1561279296875, 263.6205749511719], [42.20943069458008, -45.20107650756836, 264.067626953125], [42.227535247802734, -45.215850830078125, 264.49530029296875], [42.18899154663086, -45.16088104248047, 263.3874206542969], [42.193199157714844, -45.152618408203125, 263.37420654296875], [42.15336227416992, -45.17484664916992, 262.9556884765625], [42.217689514160156, -45.17966842651367, 263.966796875], [42.2424430847168, -45.19144821166992, 264.4726257324219], [42.2109375, -45.180233001708984, 263.9191589355469], [42.227447509765625, -45.21455001831055, 264.4702453613281], [42.19886779785156, -45.221038818359375, 264.08489990234375], [42.234989166259766, -45.2076301574707, 264.5178527832031], [42.222801208496094, -45.18813705444336, 264.17523193359375], [42.222801208496094, -45.18813705444336, 264.17523193359375], [42.222801208496094, -45.18813705444336, 264.17523193359375]], "2D pos": [[414.0, 122.0], [414.0, 122.0], [414.0, 122.0], [414.0, 122.0], [414.0, 122.0], [414.0, 122.0], [415.0, 122.0], [415.0, 122.0], [415.0, 122.0], [415.0, 122.0], [414.0, 122.0], [415.0, 122.0], [415.0, 122.0], [414.0, 122.0], [415.0, 122.0], [415.0, 122.0], [415.0, 121.0], [415.0, 122.0], [414.0, 122.0], [415.0, 122.0], [414.0, 122.0], [414.0, 122.0], [414.0, 122.0], [415.0, 122.0], [415.0, 122.0], [415.0, 122.0]], "time": [1551395090.993, 1551395091.004, 1551395091.764, 1551395091.947, 1551395092.168, 1551395092.371, 1551395092.68, 1551395092.947, 1551395093.489, 1551395093.712, 1551395093.941, 1551395094.103, 1551395094.245, 1551395094.326, 1551395094.451, 1551395094.543, 1551395094.65, 1551395094.706, 1551395094.817, 1551395094.927, 1551395095.026, 1551395095.144, 1551395095.242, 1551395095.357, 1551395095.461, 1551395095.645]}, "Marker 1": {"3D pos": [[-4.744502067565918, 3.6331448554992676, 268.2934875488281], [-4.743392467498779, 3.62684965133667, 268.3406677246094], [-4.739011764526367, 3.611356735229492, 268.4437561035156], [-4.749340057373047, 3.6386849880218506, 268.2167663574219], [-4.742428779602051, 3.639631509780884, 268.439453125], [-4.749573707580566, 3.6328258514404297, 268.1606750488281], [-4.750412464141846, 3.640359401702881, 268.0764465332031], [-4.751767635345459, 3.6592624187469482, 268.0711364746094], [-4.752171516418457, 3.6445748805999756, 268.0221862792969], [-4.746919631958008, 3.666461944580078, 268.26678466796875], [-4.74818229675293, 3.6504650115966797, 268.26275634765625], [-4.753213405609131, 3.661573886871338, 268.07666015625], [-4.751418113708496, 3.6470277309417725, 268.1347351074219], [-4.747074604034424, 3.6421000957489014, 268.2750549316406], [-4.753238677978516, 3.6581690311431885, 267.98382568359375], [-4.754159927368164, 3.660362482070923, 267.9827575683594], [-4.756188869476318, 3.6511270999908447, 267.80523681640625], [-4.7478346824646, 3.653416633605957, 268.15838623046875], [-4.745757102966309, 3.6503732204437256, 268.2917175292969], [-4.751476287841797, 3.65472412109375, 268.123779296875], [-4.747535228729248, 3.6416995525360107, 268.267333984375], [-4.750361442565918, 3.639312744140625, 268.1390075683594], [-4.747631549835205, 3.6441891193389893, 268.27728271484375], [-4.749812126159668, 3.652559757232666, 268.19512939453125], [-4.749812126159668, 3.652559757232666, 268.19512939453125], [-4.749812126159668, 3.652559518814087, 268.19512939453125]], "2D pos": [[300.0, 241.0], [300.0, 241.0], [300.0, 241.0], [300.0, 241.0], [300.0, 241.0], [300.0, 241.0], [300.0, 241.0], [300.0, 241.0], [300.0, 241.0], [300.0, 241.0], [300.0, 241.0], [300.0, 241.0], [300.0, 241.0], [300.0, 241.0], [300.0, 241.0], [300.0, 241.0], [300.0, 241.0], [300.0, 241.0], [300.0, 241.0], [300.0, 241.0], [300.0, 241.0], [300.0, 241.0], [300.0, 241.0], [300.0, 241.0], [300.0, 241.0], [300.0, 241.0]], "time": [1551395090.993, 1551395091.004, 1551395091.764, 1551395091.947, 1551395092.168, 1551395092.371, 1551395092.68, 1551395092.947, 1551395093.489, 1551395093.712, 1551395093.941, 1551395094.103, 1551395094.245, 1551395094.326, 1551395094.451, 1551395094.543, 1551395094.65, 1551395094.706, 1551395094.817, 1551395094.927, 1551395095.026, 1551395095.144, 1551395095.242, 1551395095.357, 1551395095.461, 1551395095.645]}}